Absolute Coffee LLC, Absolute Coffee, accounts_payable_contact_name:
Cafe Grumpy, Cafe Grumpy - Chelsea, name: Cafe Grumpy
Cafe Grumpy, Cafe Grumpy - Fashion District, name: Cafe Grumpy
Cafe Grumpy, Cafe Grumpy - Greenpoint, name: Cafe Grumpy
Cafe Grumpy, Cafe Grumpy - Lower East Side, name: Cafe Grumpy
Cafe Grumpy, Cafe Grumpy - Park Slope, name: Cafe Grumpy
Cafe Jax, Cafe Jax, delivery_address_street_1: , delivery_address_city: , delivery_address_state: , delivery_address_zipcode: , accounts_payable_contact_name:
Catering (Pick Up at Smith Street), Catering (Pick Up at Smith Street), delivery_address_street_1: , delivery_address_city: , delivery_address_state: , delivery_address_zipcode: , billing_address_street_1: , billing_address_city: , billing_address_state: , billing_address_zipcode: , accounts_payable_contact_name:
Catering 2, Catering 2, delivery_address_street_1: , delivery_address_city: , delivery_address_state: , delivery_address_zipcode: , billing_address_street_1: , billing_address_city: , billing_address_state: , billing_address_zipcode: , accounts_payable_contact_name:
City Harvest , City Harvest , delivery_address_street_1: , delivery_address_city: , delivery_address_state: , delivery_address_zipcode: , billing_address_street_1: , billing_address_city: , billing_address_state: , billing_address_zipcode: , accounts_payable_contact_name:
Consider Bardwell Farm LLC, Consider Bardwell Farm, delivery_address_street_1: , delivery_address_city: , delivery_address_state: , delivery_address_zipcode:
Doorknob Grocery, Foragers City Grocer - Dumbo, delivery_address_zipcode:
Dressler, Dressler, accounts_payable_contact_email: jmerrillmgmail.com
Fairweather, Fairweather, delivery_address_street_1: , delivery_address_city: , delivery_address_state: , delivery_address_zipcode: , accounts_payable_contact_name:
Ford Transfer Co. , Indie Food & Wine, delivery_address_street_1: , delivery_address_city: , delivery_address_state: , delivery_address_zipcode:
Gimme Coffee Inc. , Gimme! Coffee - Lorimer, name: Gimme Coffee Inc.
Gong Hey Fat Choy, CATA, accounts_payable_contact_name:
Iris Cafe, Iris Cafe, delivery_address_street_1: , delivery_address_city: , delivery_address_state: , delivery_address_zipcode: , billing_address_street_1: , billing_address_city: , billing_address_state: , billing_address_zipcode: , accounts_payable_contact_name:
Joe Coffee, Joe - 13th Street, name: Joe Coffee
Joe Coffee, Joe - 9/11 Museum , name: Joe Coffee
Joe Coffee, Joe - Chelsea, name: Joe Coffee
Joe Coffee, Joe - Columbia, name: Joe Coffee
Joe Coffee, Joe - Grand Central, name: Joe Coffee
Joe Coffee, Joe - Lower West, name: Joe Coffee
Joe Coffee, Joe - Upper West, name: Joe Coffee
Joe Coffee, Joe - Waverly, name: Joe Coffee
Joe Pro Shop, Joe Pro Shop, delivery_address_street_1: , delivery_address_city: , delivery_address_state: , delivery_address_zipcode: , billing_address_city: , billing_address_state: , billing_address_zipcode: , accounts_payable_contact_name:
Kilo, Kilo, delivery_address_street_1: , delivery_address_city: , delivery_address_state: , delivery_address_zipcode:
Landmarc, Landmarc, accounts_payable_contact_name:
Long Island Bar, Long Island Bar, billing_address_street_1: , billing_address_city: , billing_address_state: , billing_address_zipcode: , accounts_payable_contact_name:
Lucy's Whey LLC, Lucy's Whey - Chelsea Market, accounts_payable_contact_name:
MPM Enterprises Seventh Inc, Union Market - 7th Avenue , billing_address_street_1: , billing_address_city: , billing_address_state: , billing_address_zipcode:
MPM Enterprises Union Street, Inc., Union Market - Union Street, billing_address_street_1: , billing_address_city: , billing_address_state: , billing_address_zipcode:
Martha Stewart Living Omnimedia, LLC, Martha Stewart Cafe, billing_address_zipcode:
Neuman's Kitchen, Neuman's Kitchen, accounts_payable_contact_name:
New Amsterdam Market, New Amsterdam Market, delivery_address_street_1: , delivery_address_zipcode: , billing_address_street_1: , billing_address_zipcode:
Peninsula- Clement, Peninsula- Clement, billing_address_street_1: , billing_address_city: , billing_address_state: , billing_address_zipcode: , accounts_payable_contact_name:
Provence en Boite, Provence en Boite, delivery_address_street_1: , delivery_address_city: , delivery_address_state: , delivery_address_zipcode: , billing_address_street_1: , billing_address_city: , billing_address_state: , billing_address_zipcode: , accounts_payable_contact_name:
Saul's (restaurant), Saul's (restaurant), delivery_address_state: , billing_address_state: , accounts_payable_contact_name:
Saul's , Saul's , delivery_address_state: , billing_address_state:
Sfoglia , Sfoglia , delivery_address_street_1: , delivery_address_city: , delivery_address_state: , delivery_address_zipcode: , billing_address_street_1: , billing_address_city: , billing_address_state: , billing_address_zipcode: , accounts_payable_contact_name:
The Breslin Bar & Dining Room, The Breslin Bar & Dining Room, accounts_payable_contact_name:
The Carlyle, The Carlyle, delivery_address_street_1: , delivery_address_city: , delivery_address_state: , delivery_address_zipcode: , accounts_payable_contact_name:
The Metropolitan Museum , The Metropolitan Museum , accounts_payable_contact_name:
The Metropolitan Museum - Catering, The Metropolitan Museum - Catering, delivery_address_street_1: , delivery_address_city: , delivery_address_state: , delivery_address_zipcode: , billing_address_street_1: , billing_address_city: , billing_address_state: , billing_address_zipcode: , accounts_payable_contact_name:
The Metropolitan Museum - Petrie Court, The Metropolitan Museum - Petrie Court, accounts_payable_contact_name:
Tiny Cheese LLC, Two Saints, name: Tiny Cheese LLC, delivery_address_city: , delivery_address_state: , delivery_address_zipcode: , billing_address_city: , billing_address_state: , billing_address_zipcode:
Union Square Events, Union Square Events, accounts_payable_contact_name:
VIII- Hotel II TB Investors, LLC, Baccarat Hotel, accounts_payable_contact_name:
Villard, Villard, accounts_payable_contact_name:
Wichcraft Bryant Park - Southwest Porch, Wichcraft Bryant Park - Southwest Porch, billing_address_street_1: , billing_address_city: , billing_address_state: , billing_address_zipcode: , accounts_payable_contact_name:
Wichcraft The Library, Wichcraft The Library, billing_address_street_1: , billing_address_city: , billing_address_state: , billing_address_zipcode: , accounts_payable_contact_name:
